{"entities":{"pages":{"docker-容器导出MySQL":{"id":"docker-容器导出MySQL","title":"docker 容器导出MySQL","url":"docker-容器导出mysql.html","level":0,"tabIndex":0},"docker常见问题":{"id":"docker常见问题","title":"docker常见问题","url":"docker常见问题.html","level":0,"tabIndex":1},"安装docker":{"id":"安装docker","title":"重新安装docker","url":"安装docker.html","level":0,"tabIndex":2},"端口查询":{"id":"端口查询","title":"在 Linux 上，您可以使用以下命令根据端口查找正在运行的程序：","url":"端口查询.html","level":0,"tabIndex":3},"Linux常见命令结合使用":{"id":"Linux常见命令结合使用","title":"Linux常见命令结合使用","url":"linux常见命令结合使用.html","level":0,"tabIndex":4},"Linux常见命令":{"id":"Linux常见命令","title":"Linux常见命令","url":"linux常见命令.html","level":0,"tabIndex":5}}},"topLevelIds":["docker-容器导出MySQL","docker常见问题","安装docker","端口查询","Linux常见命令结合使用","Linux常见命令"]}