{"entities":{"pages":{"dockerExportMysql":{"id":"dockerExportMysql","title":"docker 容器导出MySQL","url":"dockerexportmysql.html","level":0,"tabIndex":0},"dockerFAQ":{"id":"dockerFAQ","title":"docker常见问题","url":"dockerfaq.html","level":0,"tabIndex":1},"dockerInstall":{"id":"dockerInstall","title":"重新安装docker","url":"dockerinstall.html","level":0,"tabIndex":2},"portQuery":{"id":"portQuery","title":"在 Linux 上，您可以使用以下命令根据端口查找正在运行的程序：","url":"portquery.html","level":0,"tabIndex":3},"combiningCommonLinuxCommands":{"id":"combiningCommonLinuxCommands","title":"Linux常见命令结合使用","url":"combiningcommonlinuxcommands.html","level":0,"tabIndex":4},"linuxCommands":{"id":"linuxCommands","title":"Linux常见命令","url":"linuxcommands.html","level":0,"tabIndex":5},"apacheUse":{"id":"apacheUse","title":"Apache使用","url":"apacheuse.html","level":0,"tabIndex":6}}},"topLevelIds":["dockerExportMysql","dockerFAQ","dockerInstall","portQuery","combiningCommonLinuxCommands","linuxCommands","apacheUse"]}